ID,Length (cm),Breadth (cm),Depth (cm),Volume (cm³),Confidence
1,10.290000000000001,3.9200000000000004,2.92198193359375,117.8634008589844,0.6486430168151855
